{
	"class_name" : "PinholeCameraParameters",
	"extrinsic" : 
	[
		0.33275287825847999,
		0.23747809269935471,
		-0.9126224178150425,
		0.0,
		0.94268574388570836,
		-0.10930275394169695,
		0.31527209875821466,
		0.0,
		-0.024881926881690712,
		-0.96522384112113491,
		-0.26023801844852845,
		0.0,
		-0.37105888412364058,
		-0.25682792790878411,
		2.0399819869662679,
		1.0
	],
	"intrinsic" : 
	{
		"height" : 1094,
		"intrinsic_matrix" : 
		[
			947.43179174017598,
			0.0,
			0.0,
			0.0,
			947.43179174017598,
			0.0,
			959.5,
			546.5,
			1.0
		],
		"width" : 1920
	},
	"version_major" : 1,
	"version_minor" : 0
}